<?xml version="1.0" encoding="UTF-8"?>
<beans xmlns="http://www.springframework.org/schema/beans"
	xmlns:xsi="http://www.w3.org/2001/XMLSchema-instance"
	xmlns:p="http://www.springframework.org/schema/p"
	xmlns:context="http://www.springframework.org/schema/context"
	xsi:schemaLocation="http://www.springframework.org/schema/beans
http://www.springframework.org/schema/beans/spring-beans.xsd
http://www.springframework.org/schema/context
http://www.springframework.org/schema/context/spring-context.xsd">

	<context:annotation-config />
	<bean class="com.yash.MessageSource.Address" name="address">
		<property name="street" value="Kalani Bagh"></property>
		<property name="city" value="indore"></property>
	</bean>
	<bean class="com.yash.MessageSource.Address" name="address1">
		<property name="street" value="location"></property>
		<property name="city" value="Dewas"></property>
	</bean>
	<bean class="com.yash.MessageSource.Employee" name="emp">
	</bean>
	<bean id="messagesource" class="org.springframework.context.support.ResourceBundleMessageSource">
       <property name="basenames">
          <list>
          <value>mymessages</value>
          </list>
       </property>	
	</bean>
</beans>